Date(Y-m-d),Time,Latitude_DD,Longitude_DD,Depth
2023-10-28,12:39:25,39.44772,-76.04905,2.64
2023-10-28,12:39:29,39.44773,-76.04916,2.66
2023-10-28,12:39:31,39.44773,-76.04918,2.64
2023-10-28,12:39:36,39.44773,-76.04932,2.71
2023-10-28,12:39:38,39.44773,-76.04936,2.74
2023-10-28,12:39:40,39.44773,-76.04938,2.75
2023-10-28,12:39:41,39.44774,-76.04943,2.69
2023-10-28,12:39:43,39.44774,-76.04945,2.77
2023-10-28,12:39:45,39.44774,-76.0495,2.83
2023-10-28,12:39:46,39.44774,-76.04952,2.83
2023-10-28,12:39:53,39.44775,-76.04966,2.93
2023-10-28,12:39:54,39.44775,-76.0497,2.96
2023-10-28,12:39:57,39.44775,-76.04977,2.98
2023-10-28,12:39:59,39.44776,-76.04982,2.99
2023-10-28,12:40:00,39.44776,-76.04984,3.03
2023-10-28,12:40:02,39.44776,-76.04989,3.04
2023-10-28,12:40:05,39.44777,-76.04996,2.89
2023-10-28,12:40:06,39.44777,-76.04998,3.14
2023-10-28,12:40:07,39.44777,-76.05,3.16
2023-10-28,12:40:10,39.44777,-76.05007,3.2
2023-10-28,12:40:12,39.44777,-76.05009,3.26
2023-10-28,12:40:13,39.44777,-76.05012,3.26
2023-10-28,12:40:14,39.44777,-76.05013,3.27
2023-10-28,12:40:15,39.44778,-76.05016,3.32
2023-10-28,12:40:16,39.44778,-76.05018,3.35
2023-10-28,12:40:17,39.44778,-76.0502,3.33
2023-10-28,12:40:23,39.44779,-76.05036,3.48
2023-10-28,12:40:25,39.44779,-76.05039,3.58
2023-10-28,12:40:27,39.44779,-76.05043,3.57
2023-10-28,12:40:29,39.44779,-76.05047,3.38
2023-10-28,12:40:30,39.44779,-76.05049,3.69
2023-10-28,12:40:31,39.44779,-76.05052,3.3
2023-10-28,12:40:33,39.4478,-76.05057,3.72
2023-10-28,12:40:35,39.4478,-76.0506,3.75
2023-10-28,12:40:41,39.4478,-76.05073,3.89
2023-10-28,12:40:47,39.4478,-76.05083,3.54
2023-10-28,12:40:48,39.4478,-76.05084,4.08
2023-10-28,12:40:50,39.44781,-76.05089,4.12
2023-10-28,12:40:52,39.44781,-76.05091,4.08
2023-10-28,12:40:53,39.44781,-76.05092,4.13
2023-10-28,12:40:54,39.44781,-76.05095,4.13
2023-10-28,12:40:57,39.44782,-76.05101,4.23
2023-10-28,12:40:59,39.44783,-76.05103,4.07
2023-10-28,12:41:03,39.44786,-76.05108,3.7
2023-10-28,12:41:06,39.44788,-76.05112,4.07
2023-10-28,12:41:09,39.4479,-76.05115,4.25
2023-10-28,12:41:10,39.44791,-76.05116,3.85
2023-10-28,12:41:11,39.44792,-76.05116,4.3
2023-10-28,12:41:12,39.44793,-76.05117,4.09
2023-10-28,12:41:15,39.44797,-76.05119,4.04
2023-10-28,12:41:16,39.44798,-76.05119,3.85
2023-10-28,12:41:19,39.44801,-76.05121,4.18
2023-10-28,12:41:20,39.44803,-76.05121,4.22
2023-10-28,12:41:22,39.44804,-76.05121,3.48
2023-10-28,12:41:26,39.44809,-76.05121,3.87
2023-10-28,12:41:38,39.44821,-76.05116,3.91
2023-10-28,12:41:39,39.44822,-76.05115,4.08
2023-10-28,12:41:40,39.44823,-76.05114,4.07
2023-10-28,12:41:41,39.44823,-76.05113,3.45
2023-10-28,12:41:45,39.44827,-76.05109,3.37
2023-10-28,12:41:47,39.44827,-76.05108,4.07
2023-10-28,12:41:52,39.44831,-76.05101,4.07
2023-10-28,12:41:54,39.44832,-76.051,4.01
2023-10-28,12:41:56,39.44833,-76.05096,3.47
2023-10-28,12:41:58,39.44834,-76.05094,3.27
2023-10-28,12:42:03,39.44836,-76.05085,3.85
2023-10-28,12:42:07,39.44837,-76.0508,3.79
2023-10-28,12:42:10,39.44838,-76.05076,3.76
2023-10-28,12:42:12,39.44839,-76.05071,3.69
2023-10-28,12:42:14,39.44839,-76.05069,3.71
2023-10-28,12:42:18,39.44841,-76.05062,3.64
2023-10-28,12:42:20,39.44841,-76.0506,3.6
2023-10-28,12:42:21,39.44842,-76.05057,3.58
2023-10-28,12:42:23,39.44842,-76.05055,3.49
2023-10-28,12:42:24,39.44842,-76.05053,3.49
2023-10-28,12:42:25,39.44843,-76.05052,3.48
2023-10-28,12:42:26,39.44843,-76.0505,3.45
2023-10-28,12:42:45,39.4485,-76.05014,3.06
2023-10-28,12:42:47,39.4485,-76.05012,3.06
2023-10-28,12:42:48,39.44851,-76.0501,3.06
2023-10-28,12:42:49,39.44851,-76.05008,3.04
2023-10-28,12:42:50,39.44851,-76.05007,3.03
2023-10-28,12:42:51,39.44852,-76.05004,3
2023-10-28,12:42:52,39.44852,-76.05002,3
2023-10-28,12:42:56,39.44854,-76.04992,2.93
2023-10-28,12:42:58,39.44854,-76.0499,2.89
2023-10-28,12:42:59,39.44854,-76.04988,2.8
2023-10-28,12:43:00,39.44855,-76.04984,2.91
2023-10-28,12:43:02,39.44855,-76.04982,2.85
2023-10-28,12:43:03,39.44856,-76.0498,2.41
2023-10-28,12:43:04,39.44856,-76.04978,2.83
2023-10-28,12:43:05,39.44857,-76.04976,2.8
2023-10-28,12:43:10,39.44858,-76.04965,2.76
2023-10-28,12:43:11,39.44859,-76.04964,2.71
2023-10-28,12:43:12,39.44859,-76.04961,2.68
2023-10-28,12:43:17,39.4486,-76.04951,2.64
2023-10-28,12:43:23,39.44862,-76.0494,2.64
2023-10-28,12:43:27,39.44864,-76.04929,2.45
2023-10-28,12:43:28,39.44864,-76.04928,2.58
2023-10-28,12:43:35,39.44866,-76.04913,2.52
2023-10-28,12:43:36,39.44866,-76.0491,2.51
2023-10-28,12:43:43,39.44868,-76.04897,2.45
2023-10-28,12:43:50,39.44869,-76.04882,2.45
2023-10-28,12:43:52,39.4487,-76.0488,2.43
2023-10-28,12:44:05,39.44873,-76.04849,2.39
2023-10-28,12:44:06,39.44873,-76.04848,2.41
2023-10-28,12:44:08,39.44873,-76.04843,2.39
2023-10-28,12:44:09,39.44873,-76.04841,2.39
2023-10-28,12:44:14,39.44875,-76.04832,2.35
2023-10-28,12:44:18,39.44876,-76.04821,2.22
2023-10-28,12:44:25,39.44877,-76.04806,2.28
2023-10-28,12:44:27,39.44877,-76.04803,2.28
2023-10-28,12:44:28,39.44877,-76.04801,2.27
2023-10-28,12:44:29,39.44878,-76.04799,2.3
2023-10-28,12:44:30,39.44878,-76.04797,2.27
2023-10-28,12:44:31,39.44878,-76.04794,2.27
2023-10-28,12:44:32,39.44878,-76.04793,2.28
2023-10-28,12:44:33,39.44879,-76.04788,2.26
2023-10-28,12:44:35,39.44879,-76.04786,2.27
2023-10-28,12:44:36,39.44879,-76.04784,2.28
2023-10-28,12:44:37,39.4488,-76.04782,2.26
2023-10-28,12:44:38,39.4488,-76.04779,2.27
2023-10-28,12:44:40,39.4488,-76.04775,2.24
2023-10-28,12:44:46,39.44881,-76.0476,2.28
2023-10-28,12:44:48,39.44882,-76.04758,2.24
2023-10-28,12:44:49,39.44882,-76.04753,2.25
2023-10-28,12:44:51,39.44883,-76.04751,2.22
2023-10-28,12:44:53,39.44883,-76.04745,2.24
2023-10-28,12:44:55,39.44883,-76.04742,2.24
2023-10-28,12:44:59,39.44884,-76.04732,2.22
2023-10-28,12:45:01,39.44884,-76.0473,2.2
2023-10-28,12:45:02,39.44885,-76.04727,2.22
2023-10-28,12:45:04,39.44885,-76.0472,2.2
2023-10-28,12:45:06,39.44886,-76.04718,2.2
2023-10-28,12:45:15,39.44888,-76.04696,2.16
2023-10-28,12:45:18,39.44888,-76.04691,2.16
2023-10-28,12:45:20,39.44889,-76.04684,1.96
2023-10-28,12:45:23,39.44889,-76.0468,2.15
2023-10-28,12:45:27,39.4489,-76.04673,2.16
2023-10-28,12:45:28,39.4489,-76.04668,2.18
2023-10-28,12:45:29,39.4489,-76.04666,2.16
2023-10-28,12:45:30,39.4489,-76.04664,2.16
2023-10-28,12:45:31,39.44891,-76.04662,2.16
2023-10-28,12:45:33,39.44891,-76.04658,2.15
2023-10-28,12:45:42,39.44893,-76.04637,2.18
2023-10-28,12:45:43,39.44893,-76.04635,1.88
2023-10-28,12:45:44,39.44893,-76.04633,2.16
2023-10-28,12:45:45,39.44893,-76.04631,2.18
2023-10-28,12:45:46,39.44893,-76.04629,2.16
2023-10-28,12:45:47,39.44893,-76.04626,2.2
2023-10-28,12:45:48,39.44893,-76.04624,2.18
2023-10-28,12:45:53,39.44894,-76.04614,2.2
2023-10-28,12:45:54,39.44894,-76.04611,2.2
2023-10-28,12:45:55,39.44894,-76.04609,2.2
2023-10-28,12:45:59,39.44894,-76.046,2.22
2023-10-28,12:46:02,39.44894,-76.04596,2.2
2023-10-28,12:46:03,39.44894,-76.04591,2.22
2023-10-28,12:46:04,39.44894,-76.04589,2.24
2023-10-28,12:46:06,39.44894,-76.04587,2.22
2023-10-28,12:46:07,39.44894,-76.04582,2.24
2023-10-28,12:46:09,39.44895,-76.0458,1.97
2023-10-28,12:46:11,39.44895,-76.04575,2.24
2023-10-28,12:46:12,39.44895,-76.04573,2.25
2023-10-28,12:46:13,39.44895,-76.04571,2.24
2023-10-28,12:46:25,39.44896,-76.04542,2.28
2023-10-28,12:46:27,39.44896,-76.0454,2.28
2023-10-28,12:46:28,39.44896,-76.04537,2.29
2023-10-28,12:46:29,39.44897,-76.04535,2.3
2023-10-28,12:46:30,39.44897,-76.04531,2.29
2023-10-28,12:46:32,39.44897,-76.04528,2.3
2023-10-28,12:46:34,39.44897,-76.04525,2.33
2023-10-28,12:46:37,39.44898,-76.04519,2.35
2023-10-28,12:46:38,39.44898,-76.04516,2.29
2023-10-28,12:46:39,39.44898,-76.04512,2.35
2023-10-28,12:46:42,39.44898,-76.04507,2.37
2023-10-28,12:46:43,39.44898,-76.04506,2.37
2023-10-28,12:46:45,39.44898,-76.04497,2.35
2023-10-28,12:46:48,39.44898,-76.04491,2.37
2023-10-28,12:46:50,39.44898,-76.04488,2.38
2023-10-28,12:46:54,39.44899,-76.0448,2.39
2023-10-28,12:46:55,39.44899,-76.04477,2.38
2023-10-28,12:46:56,39.44899,-76.04476,2.32
2023-10-28,12:46:59,39.449,-76.04468,2.41
2023-10-28,12:47:00,39.449,-76.04467,2.43
2023-10-28,12:47:01,39.449,-76.04464,2.43
2023-10-28,12:47:02,39.449,-76.04461,2.41
2023-10-28,12:47:03,39.449,-76.0446,2.38
2023-10-28,12:47:05,39.449,-76.04456,2.45
2023-10-28,12:47:07,39.449,-76.04453,2.47
2023-10-28,12:47:12,39.449,-76.04442,2.5
2023-10-28,12:47:15,39.44901,-76.04433,2.52
2023-10-28,12:47:16,39.44901,-76.04431,2.43
2023-10-28,12:47:18,39.44901,-76.04429,2.54
2023-10-28,12:47:22,39.44902,-76.04417,2.58
2023-10-28,12:47:23,39.44902,-76.04416,2.58
2023-10-28,12:47:25,39.44902,-76.04412,2.58
2023-10-28,12:47:26,39.44902,-76.04409,2.6
2023-10-28,12:47:28,39.44902,-76.04405,2.6
2023-10-28,12:47:30,39.44902,-76.04402,2.32
2023-10-28,12:47:32,39.44903,-76.04396,2.62
2023-10-28,12:47:36,39.44903,-76.04387,2.64
2023-10-28,12:47:38,39.44903,-76.04385,2.64
2023-10-28,12:47:39,39.44904,-76.0438,2.66
2023-10-28,12:47:41,39.44904,-76.04376,2.64
2023-10-28,12:47:44,39.44904,-76.04369,2.71
2023-10-28,12:47:47,39.44904,-76.04362,2.7
2023-10-28,12:47:55,39.44905,-76.04346,2.71
2023-10-28,12:47:56,39.44906,-76.04344,2.69
2023-10-28,12:47:57,39.44906,-76.04342,2.72
2023-10-28,12:47:58,39.44906,-76.0434,2.72
2023-10-28,12:47:59,39.44906,-76.04337,2.68
2023-10-28,12:48:00,39.44906,-76.04335,2.71
2023-10-28,12:48:03,39.44906,-76.04328,2.75
2023-10-28,12:48:08,39.44907,-76.04316,2.73
2023-10-28,12:48:09,39.44907,-76.04314,2.81
2023-10-28,12:48:10,39.44907,-76.04312,2.83
2023-10-28,12:48:12,39.44908,-76.04307,2.81
2023-10-28,12:48:14,39.44908,-76.04302,2.81
2023-10-28,12:48:17,39.44908,-76.04295,2.85
2023-10-28,12:48:19,39.44908,-76.04291,2.87
2023-10-28,12:48:22,39.44909,-76.04283,2.87
2023-10-28,12:48:24,39.4491,-76.04281,2.73
2023-10-28,12:48:26,39.4491,-76.04277,2.93
2023-10-28,12:48:27,39.4491,-76.04272,2.89
2023-10-28,12:48:29,39.44911,-76.04269,2.93
2023-10-28,12:48:30,39.44911,-76.04267,2.56
2023-10-28,12:48:31,39.44911,-76.04265,2.97
2023-10-28,12:48:33,39.44912,-76.04258,2.83
2023-10-28,12:48:35,39.44912,-76.04255,3.01
2023-10-28,12:48:36,39.44912,-76.04253,2.99
2023-10-28,12:48:45,39.44916,-76.0423,2.45
2023-10-28,12:48:47,39.44916,-76.04228,3.09
2023-10-28,12:48:48,39.44916,-76.04226,3.11
2023-10-28,12:48:49,39.44916,-76.04223,3.14
2023-10-28,12:48:50,39.44916,-76.04221,3.14
2023-10-28,12:48:51,39.44917,-76.04219,3.14
2023-10-28,12:48:52,39.44917,-76.04217,3.16
2023-10-28,12:48:53,39.44918,-76.04215,2.85
2023-10-28,12:48:55,39.44919,-76.04207,3.18
2023-10-28,12:48:57,39.44919,-76.04206,3.2
2023-10-28,12:48:59,39.4492,-76.04202,3.18
2023-10-28,12:49:00,39.4492,-76.04199,3.24
2023-10-28,12:49:01,39.44921,-76.04195,3.24
2023-10-28,12:49:06,39.44923,-76.04183,3.24
2023-10-28,12:49:09,39.44923,-76.04182,3.24
2023-10-28,12:49:10,39.44923,-76.0418,3.26
2023-10-28,12:49:11,39.44924,-76.04175,3.28
2023-10-28,12:49:16,39.44925,-76.04166,3.32
2023-10-28,12:49:17,39.44926,-76.04164,2.81
2023-10-28,12:49:21,39.44927,-76.04156,3.38
2023-10-28,12:49:22,39.44927,-76.04154,3.13
2023-10-28,12:49:23,39.44927,-76.04151,3.35
2023-10-28,12:49:24,39.44928,-76.04149,3.41
2023-10-28,12:49:25,39.44928,-76.04147,3.43
2023-10-28,12:49:27,39.44928,-76.04145,3.38
2023-10-28,12:49:28,39.44929,-76.0414,3.45
2023-10-28,12:49:29,39.44929,-76.04138,3.41
2023-10-28,12:49:30,39.44929,-76.04136,3.43
2023-10-28,12:49:31,39.4493,-76.04134,3.47
2023-10-28,12:49:34,39.44931,-76.04127,3.51
2023-10-28,12:49:37,39.44932,-76.0412,3.53
2023-10-28,12:49:38,39.44932,-76.04118,3.53
2023-10-28,12:49:45,39.44934,-76.04104,3.6
2023-10-28,12:49:46,39.44935,-76.041,3.6
2023-10-28,12:49:47,39.44935,-76.04099,3.66
2023-10-28,12:49:49,39.44936,-76.04096,3.66
2023-10-28,12:49:53,39.44937,-76.04084,3.64
2023-10-28,12:49:54,39.44937,-76.04083,3.68
2023-10-28,12:49:55,39.44938,-76.04081,3.68
2023-10-28,12:49:56,39.44938,-76.04079,3.69
2023-10-28,12:49:59,39.44938,-76.04074,3.71
2023-10-28,12:50:04,39.4494,-76.04061,3.58
2023-10-28,12:50:06,39.4494,-76.04059,3.79
2023-10-28,12:50:07,39.44941,-76.04054,3.75
2023-10-28,12:50:09,39.44941,-76.04052,3.83
2023-10-28,12:50:14,39.44943,-76.0404,3.8
2023-10-28,12:50:16,39.44943,-76.04038,3.8
2023-10-28,12:50:17,39.44944,-76.04033,3.81
2023-10-28,12:50:19,39.44944,-76.04028,3.85
2023-10-28,12:50:21,39.44944,-76.04026,3.85
2023-10-28,12:50:22,39.44945,-76.04024,3.89
2023-10-28,12:50:24,39.44946,-76.04018,3.89
2023-10-28,12:50:26,39.44946,-76.04015,3.93
2023-10-28,12:50:27,39.44946,-76.04013,3.93
2023-10-28,12:50:32,39.44948,-76.04003,3.95
2023-10-28,12:50:43,39.4495,-76.03979,4.11
2023-10-28,12:50:44,39.4495,-76.03976,4.11
2023-10-28,12:50:45,39.4495,-76.03975,4.08
2023-10-28,12:50:46,39.4495,-76.03972,4.19
2023-10-28,12:50:47,39.44951,-76.03971,4.18
2023-10-28,12:50:48,39.44951,-76.03968,4.19
2023-10-28,12:50:52,39.44952,-76.0396,4.29
2023-10-28,12:50:53,39.44952,-76.03958,4.31
2023-10-28,12:51:01,39.44954,-76.03941,4.56
2023-10-28,12:51:04,39.44955,-76.03935,4.62
2023-10-28,12:51:05,39.44955,-76.03932,4.36
2023-10-28,12:51:06,39.44955,-76.03931,4.68
2023-10-28,12:51:07,39.44955,-76.03928,4.69
2023-10-28,12:51:11,39.44956,-76.0392,4.81
2023-10-28,12:51:12,39.44956,-76.03917,4.83
2023-10-28,12:51:13,39.44956,-76.03916,4.82
2023-10-28,12:51:14,39.44956,-76.03913,4.85
2023-10-28,12:51:18,39.44957,-76.03905,4.85
2023-10-28,12:51:19,39.44957,-76.03903,4.93
2023-10-28,12:51:21,39.44957,-76.03899,4.93
2023-10-28,12:51:22,39.44957,-76.03896,4.89
2023-10-28,12:51:23,39.44958,-76.03894,4.9
2023-10-28,12:51:27,39.44958,-76.03885,4.89
2023-10-28,12:51:28,39.44958,-76.03884,4.94
2023-10-28,12:51:29,39.44958,-76.03881,4.94
2023-10-28,12:51:30,39.44958,-76.0388,4.91
2023-10-28,12:51:32,39.44959,-76.03875,4.94
2023-10-28,12:51:34,39.44959,-76.03873,4.9
2023-10-28,12:51:35,39.44959,-76.0387,4.89
2023-10-28,12:51:50,39.44961,-76.03841,4.43
2023-10-28,12:51:51,39.44961,-76.03839,4.81
2023-10-28,12:51:52,39.44961,-76.03837,4.81
2023-10-28,12:52:10,39.44963,-76.03798,4.6
2023-10-28,12:52:11,39.44964,-76.03796,4.58
2023-10-28,12:52:12,39.44964,-76.03794,4.52
2023-10-28,12:52:13,39.44964,-76.03792,4.56
2023-10-28,12:52:20,39.44964,-76.03777,4.32
2023-10-28,12:52:23,39.44966,-76.03771,4.38
2023-10-28,12:52:25,39.44966,-76.03768,4.4
2023-10-28,12:52:26,39.44966,-76.03766,4.37
2023-10-28,12:52:27,39.44966,-76.03765,4.35
2023-10-28,12:52:28,39.44966,-76.03762,4.32
2023-10-28,12:52:32,39.44967,-76.03752,4.32
2023-10-28,12:52:34,39.44967,-76.03749,4.29
2023-10-28,12:52:35,39.44968,-76.03745,4.2
2023-10-28,12:52:37,39.44968,-76.03742,4.26
2023-10-28,12:52:40,39.44968,-76.03736,4.25
2023-10-28,12:52:41,39.44969,-76.03734,4.26
2023-10-28,12:52:42,39.44969,-76.03729,4.25
2023-10-28,12:52:44,39.4497,-76.03727,4.19
2023-10-28,12:52:45,39.4497,-76.03725,3.62
2023-10-28,12:52:46,39.4497,-76.0372,4.24
2023-10-28,12:52:49,39.44971,-76.03714,3.72
2023-10-28,12:52:56,39.44972,-76.03701,4.11
2023-10-28,12:52:57,39.44972,-76.03699,4.09
2023-10-28,12:52:59,39.44972,-76.03697,4.1
2023-10-28,12:53:01,39.44972,-76.03691,4.06
2023-10-28,12:53:02,39.44973,-76.03689,4.04
2023-10-28,12:53:03,39.44973,-76.03686,4.01
2023-10-28,12:53:04,39.44973,-76.03685,3.99
2023-10-28,12:53:05,39.44973,-76.03683,4
2023-10-28,12:53:06,39.44973,-76.03681,3.98
2023-10-28,12:53:07,39.44974,-76.03678,3.98
2023-10-28,12:53:08,39.44974,-76.03677,3.97
2023-10-28,12:53:15,39.44975,-76.03661,3.87
2023-10-28,12:53:16,39.44976,-76.03659,3.85
2023-10-28,12:53:17,39.44976,-76.03658,3.87
2023-10-28,12:53:23,39.44977,-76.03644,3.87
2023-10-28,12:53:24,39.44977,-76.03642,3.87
2023-10-28,12:53:25,39.44977,-76.03641,3.87
2023-10-28,12:53:26,39.44977,-76.03639,3.69
2023-10-28,12:53:27,39.44978,-76.03636,3.89
2023-10-28,12:53:28,39.44978,-76.03634,3.87
2023-10-28,12:53:29,39.44978,-76.03633,3.7
2023-10-28,12:53:31,39.44978,-76.03628,3.79
2023-10-28,12:53:32,39.44978,-76.03626,3.79
2023-10-28,12:53:33,39.44978,-76.03623,3.76
2023-10-28,12:53:34,39.44979,-76.03622,3.76
2023-10-28,12:53:35,39.44979,-76.03619,3.79
2023-10-28,12:53:36,39.44979,-76.03617,3.78
2023-10-28,12:53:40,39.4498,-76.03609,3.78
2023-10-28,12:53:43,39.4498,-76.03603,3.77
2023-10-28,12:53:44,39.4498,-76.03601,3.77
2023-10-28,12:53:47,39.44981,-76.03594,3.72
2023-10-28,12:53:49,39.44981,-76.03592,3.78
2023-10-28,12:53:51,39.44982,-76.03585,3.76
2023-10-28,12:53:57,39.44983,-76.03574,3.68
2023-10-28,12:53:58,39.44983,-76.03572,3.73
2023-10-28,12:53:59,39.44983,-76.03571,3.71
2023-10-28,12:54:06,39.44985,-76.03553,3.7
2023-10-28,12:54:09,39.44985,-76.03548,3.69
2023-10-28,12:54:19,39.44987,-76.03527,3.68
2023-10-28,12:54:27,39.44989,-76.0351,3.35
2023-10-28,12:54:30,39.44989,-76.03505,3.66
2023-10-28,12:54:32,39.44989,-76.03499,3.62
2023-10-28,12:54:34,39.4499,-76.03496,3.64
2023-10-28,12:54:35,39.4499,-76.03492,3.64
2023-10-28,12:54:37,39.4499,-76.0349,3.6
2023-10-28,12:54:38,39.4499,-76.03487,3.58
2023-10-28,12:54:41,39.44991,-76.03479,3.6
2023-10-28,12:54:43,39.44991,-76.03476,3.6
2023-10-28,12:54:44,39.44991,-76.03475,3.58
2023-10-28,12:54:47,39.44992,-76.0347,3.53
2023-10-28,12:54:50,39.44992,-76.0346,3.56
2023-10-28,12:54:51,39.44992,-76.03459,3.56
2023-10-28,12:54:52,39.44993,-76.03457,3.56
2023-10-28,12:54:56,39.44993,-76.03448,3.55
2023-10-28,12:54:57,39.44994,-76.03445,3.56
2023-10-28,12:54:59,39.44994,-76.03444,3.57
2023-10-28,12:55:11,39.44996,-76.03416,3.53
2023-10-28,12:55:16,39.44997,-76.03405,3.54
2023-10-28,12:55:19,39.44998,-76.034,3.48
2023-10-28,12:55:26,39.45,-76.03384,3.55
2023-10-28,12:55:27,39.45,-76.03381,3.55
2023-10-28,12:55:33,39.45001,-76.03369,3.56
2023-10-28,12:55:35,39.45002,-76.03367,3.56
2023-10-28,12:55:41,39.45003,-76.03352,3.53
2023-10-28,12:55:46,39.45005,-76.03341,3.58
2023-10-28,12:55:48,39.45005,-76.03339,3.55
2023-10-28,12:55:51,39.45006,-76.0333,3.56
2023-10-28,12:55:55,39.45007,-76.03322,3.57
2023-10-28,12:56:06,39.4501,-76.03297,3.5
2023-10-28,12:56:08,39.4501,-76.03295,3.6
2023-10-28,12:56:10,39.45012,-76.03289,3.6
2023-10-28,12:56:12,39.45012,-76.03287,3.58
2023-10-28,12:56:13,39.45012,-76.03284,3.58
2023-10-28,12:56:19,39.45016,-76.0327,3.6
2023-10-28,12:56:21,39.45016,-76.03268,3.07
2023-10-28,12:56:34,39.45025,-76.03239,3.64
2023-10-28,12:56:36,39.45025,-76.03236,3.62
2023-10-28,12:56:37,39.45026,-76.03234,3.58
2023-10-28,12:56:38,39.45026,-76.03232,3.62
2023-10-28,12:56:39,39.45027,-76.03229,3.64
2023-10-28,12:56:40,39.45027,-76.03228,3.62
2023-10-28,12:56:41,39.45028,-76.03226,3.64
2023-10-28,12:56:43,39.45029,-76.0322,3.62
2023-10-28,12:56:45,39.4503,-76.03217,3.58
2023-10-28,12:56:47,39.45031,-76.03215,3.54
2023-10-28,12:56:50,39.45032,-76.03209,3.62
2023-10-28,12:56:52,39.45033,-76.03204,3.6
2023-10-28,12:56:54,39.45034,-76.032,3.56
2023-10-28,12:56:55,39.45035,-76.03198,3.6
2023-10-28,12:56:57,39.45036,-76.03194,3.6
2023-10-28,12:56:59,39.45036,-76.03192,3.6
2023-10-28,12:57:02,39.45038,-76.03185,3.62
2023-10-28,12:57:07,39.45041,-76.03174,3.62
2023-10-28,12:57:14,39.45045,-76.03158,3.62
2023-10-28,12:57:15,39.45045,-76.03155,3.6
2023-10-28,12:57:16,39.45046,-76.03153,3.62
2023-10-28,12:57:19,39.45047,-76.03148,3.6
2023-10-28,12:57:31,39.45054,-76.03122,3.64
2023-10-28,12:57:33,39.45054,-76.03117,3.62
2023-10-28,12:57:36,39.45056,-76.03111,3.66
2023-10-28,12:57:39,39.45058,-76.03105,3.66
2023-10-28,12:57:41,39.45059,-76.03103,3.66
2023-10-28,12:57:43,39.4506,-76.03096,3.49
2023-10-28,12:57:48,39.45062,-76.03087,3.6
2023-10-28,12:57:49,39.45062,-76.03085,3.66
2023-10-28,12:57:50,39.45063,-76.03083,3.66
2023-10-28,12:57:56,39.45066,-76.0307,3.69
2023-10-28,12:58:13,39.45075,-76.03034,3.71
2023-10-28,12:58:17,39.45077,-76.03025,3.7
2023-10-28,12:58:18,39.45077,-76.03023,3.72
2023-10-28,12:58:20,39.45078,-76.03019,3.72
2023-10-28,12:58:23,39.4508,-76.03012,3.69
2023-10-28,12:58:25,39.45081,-76.0301,3.72
2023-10-28,12:58:28,39.45083,-76.03001,3.72
2023-10-28,12:58:38,39.45088,-76.02979,3.71
2023-10-28,12:58:51,39.45094,-76.02951,3.66
2023-10-28,12:58:53,39.45095,-76.02948,3.72
2023-10-28,12:58:54,39.45096,-76.02945,3.72
2023-10-28,12:59:03,39.451,-76.0293,3.74
2023-10-28,12:59:19,39.45108,-76.02895,3.74
2023-10-28,12:59:23,39.4511,-76.02886,3.78
2023-10-28,12:59:25,39.45112,-76.02882,3.75
2023-10-28,12:59:27,39.45112,-76.0288,3.73
2023-10-28,12:59:28,39.45113,-76.02876,3.76
2023-10-28,12:59:30,39.45113,-76.02873,3.78
2023-10-28,12:59:34,39.45116,-76.02864,3.79
2023-10-28,12:59:45,39.45121,-76.0284,3.8
2023-10-28,12:59:46,39.45122,-76.02838,3.8
2023-10-28,12:59:47,39.45122,-76.02836,3.81
2023-10-28,12:59:48,39.45123,-76.02835,3.81
2023-10-28,12:59:50,39.45124,-76.02829,3.82
2023-10-28,12:59:51,39.45124,-76.02828,3.81
2023-10-28,12:59:53,39.45125,-76.02825,3.6
2023-10-28,13:00:06,39.45132,-76.02795,3.83
2023-10-28,13:00:10,39.45134,-76.02788,3.87
2023-10-28,13:00:11,39.45134,-76.02785,3.87
2023-10-28,13:00:12,39.45135,-76.02781,3.87
2023-10-28,13:00:14,39.45136,-76.02779,3.87
2023-10-28,13:00:15,39.45137,-76.02777,3.87
2023-10-28,13:00:16,39.45137,-76.02775,3.89
2023-10-28,13:00:17,39.45138,-76.0277,3.87
2023-10-28,13:00:19,39.45139,-76.02768,3.87
2023-10-28,13:00:20,39.45139,-76.02767,3.89
2023-10-28,13:00:21,39.4514,-76.02764,3.85
2023-10-28,13:00:22,39.4514,-76.02762,3.87
2023-10-28,13:00:23,39.4514,-76.0276,3.89
2023-10-28,13:00:28,39.45143,-76.02749,3.89
2023-10-28,13:00:32,39.45145,-76.02741,3.91
2023-10-28,13:00:33,39.45145,-76.02739,3.79
2023-10-28,13:00:34,39.45146,-76.02737,3.66
2023-10-28,13:00:35,39.45146,-76.02735,3.91
2023-10-28,13:00:36,39.45147,-76.02733,3.91
2023-10-28,13:00:37,39.45147,-76.02732,3.91
2023-10-28,13:00:38,39.45147,-76.02729,3.91
2023-10-28,13:00:39,39.45148,-76.02727,3.93
2023-10-28,13:00:40,39.45148,-76.02725,3.93
2023-10-28,13:00:42,39.45149,-76.02723,3.91
2023-10-28,13:00:44,39.4515,-76.02717,3.93
2023-10-28,13:00:45,39.4515,-76.02714,3.93
2023-10-28,13:00:47,39.45151,-76.02711,3.93
2023-10-28,13:01:00,39.45158,-76.02685,4.01
2023-10-28,13:01:01,39.45158,-76.02682,3.98
2023-10-28,13:01:03,39.45159,-76.02679,3.97
2023-10-28,13:01:04,39.4516,-76.02677,3.97
2023-10-28,13:01:06,39.4516,-76.02673,3.96
2023-10-28,13:01:08,39.45161,-76.02668,3.99
2023-10-28,13:01:09,39.45162,-76.02666,3.98
2023-10-28,13:01:10,39.45162,-76.02664,3.32
2023-10-28,13:01:11,39.45163,-76.02662,3.99
2023-10-28,13:01:12,39.45163,-76.0266,4
2023-10-28,13:01:13,39.45164,-76.02657,3.99
2023-10-28,13:01:14,39.45164,-76.02655,3.98
2023-10-28,13:01:15,39.45165,-76.02653,3.97
2023-10-28,13:01:17,39.45166,-76.02648,3.6
2023-10-28,13:01:19,39.45166,-76.02646,3.99
2023-10-28,13:01:20,39.45167,-76.02642,3.99
2023-10-28,13:01:22,39.45168,-76.0264,4
2023-10-28,13:01:23,39.45168,-76.02637,4.01
2023-10-28,13:01:24,39.45168,-76.02635,4.01
2023-10-28,13:01:27,39.4517,-76.02627,4.01
2023-10-28,13:01:29,39.45171,-76.02625,3.89
2023-10-28,13:01:31,39.45172,-76.02618,3.87
2023-10-28,13:01:33,39.45172,-76.02615,4.03
2023-10-28,13:01:37,39.45175,-76.02604,4.02
2023-10-28,13:01:39,39.45175,-76.02602,4.01
2023-10-28,13:01:40,39.45176,-76.02599,4
2023-10-28,13:01:41,39.45176,-76.02598,4.04
2023-10-28,13:01:42,39.45177,-76.02596,4.05
2023-10-28,13:01:43,39.45177,-76.02593,4.08
2023-10-28,13:01:44,39.45178,-76.02591,4.02
2023-10-28,13:01:45,39.45178,-76.02589,4.07
2023-10-28,13:01:46,39.45179,-76.02586,4.08
2023-10-28,13:01:48,39.4518,-76.02582,3.93
2023-10-28,13:01:49,39.4518,-76.02579,4.06
2023-10-28,13:01:50,39.4518,-76.02577,4.07
2023-10-28,13:01:51,39.45181,-76.02575,4.1
2023-10-28,13:01:52,39.45181,-76.02573,4.1
2023-10-28,13:01:54,39.45182,-76.02571,4.1
2023-10-28,13:01:55,39.45182,-76.02569,4.12
2023-10-28,13:01:57,39.45183,-76.02564,4.13
2023-10-28,13:01:58,39.45184,-76.02562,4.15
2023-10-28,13:01:59,39.45184,-76.02559,4.14
2023-10-28,13:02:00,39.45184,-76.02557,4.13
2023-10-28,13:02:01,39.45185,-76.02555,4.15
2023-10-28,13:02:04,39.45186,-76.02549,4.14
2023-10-28,13:02:05,39.45187,-76.02547,4.15
2023-10-28,13:02:10,39.45189,-76.02535,4.16
2023-10-28,13:02:12,39.45189,-76.02533,4.09
2023-10-28,13:02:13,39.4519,-76.02531,4.18
2023-10-28,13:02:15,39.45191,-76.02525,4.18
2023-10-28,13:02:17,39.45192,-76.02522,4.2
2023-10-28,13:02:18,39.45192,-76.0252,4.22
2023-10-28,13:02:19,39.45193,-76.02518,4.18
2023-10-28,13:02:20,39.45193,-76.02516,4.18
2023-10-28,13:02:21,39.45194,-76.02514,4.2
2023-10-28,13:02:22,39.45194,-76.02511,4.2
2023-10-28,13:02:23,39.45194,-76.02509,4.2
2023-10-28,13:02:25,39.45195,-76.02505,4.19
2023-10-28,13:02:26,39.45196,-76.02504,4.19
2023-10-28,13:02:27,39.45196,-76.02501,4.2
2023-10-28,13:02:28,39.45197,-76.02499,4.22
2023-10-28,13:02:29,39.45198,-76.02497,4.18
2023-10-28,13:02:30,39.45198,-76.02494,4.22
2023-10-28,13:02:32,39.45199,-76.0249,4.24
2023-10-28,13:02:33,39.45199,-76.02488,4.23
2023-10-28,13:02:35,39.45201,-76.02481,4.22
2023-10-28,13:02:37,39.45202,-76.02479,3.98
2023-10-28,13:02:38,39.45202,-76.02477,4.24
2023-10-28,13:02:39,39.45202,-76.02475,4.24
2023-10-28,13:02:40,39.45203,-76.02473,4.23
2023-10-28,13:02:41,39.45204,-76.0247,4.18
2023-10-28,13:02:42,39.45204,-76.02468,4.15
2023-10-28,13:02:45,39.45205,-76.02461,4.23
2023-10-28,13:02:47,39.45206,-76.02458,4.29
2023-10-28,13:02:48,39.45207,-76.02455,4.26
2023-10-28,13:02:49,39.45208,-76.02453,4.26
2023-10-28,13:02:50,39.45208,-76.02451,4.27
2023-10-28,13:02:51,39.45208,-76.02448,4.24
2023-10-28,13:02:53,39.45209,-76.02446,4.28
2023-10-28,13:03:02,39.45214,-76.02424,4.27
2023-10-28,13:03:03,39.45214,-76.02422,4.29
2023-10-28,13:03:04,39.45215,-76.0242,4.32
2023-10-28,13:03:05,39.45215,-76.02419,3.85
2023-10-28,13:03:06,39.45216,-76.02416,4.3
2023-10-28,13:03:07,39.45216,-76.02414,4.33
2023-10-28,13:03:08,39.45217,-76.02412,4.35
2023-10-28,13:03:09,39.45217,-76.0241,4.36
2023-10-28,13:03:10,39.45218,-76.02407,4.36
2023-10-28,13:03:11,39.45218,-76.02404,4.28
2023-10-28,13:03:12,39.45218,-76.02403,4.36
2023-10-28,13:03:13,39.45219,-76.024,4.36
2023-10-28,13:03:14,39.45219,-76.02399,4.36
2023-10-28,13:03:17,39.4522,-76.02392,4.32
2023-10-28,13:03:21,39.45222,-76.02383,4.4
2023-10-28,13:03:23,39.45222,-76.02378,4.4
2023-10-28,13:03:25,39.45223,-76.02374,4.37
2023-10-28,13:03:26,39.45224,-76.02371,4.39
2023-10-28,13:03:27,39.45224,-76.0237,4.38
2023-10-28,13:03:30,39.45225,-76.02363,4.39
2023-10-28,13:03:31,39.45226,-76.0236,4.33
2023-10-28,13:03:33,39.45226,-76.02356,4.4
2023-10-28,13:03:38,39.45228,-76.02345,4.45
2023-10-28,13:03:41,39.45228,-76.0234,4.47
2023-10-28,13:03:42,39.45228,-76.02339,4.47
2023-10-28,13:03:49,39.4523,-76.0232,4.51
2023-10-28,13:03:51,39.4523,-76.02318,4.49
2023-10-28,13:03:53,39.4523,-76.02313,4.54
2023-10-28,13:03:54,39.45231,-76.02311,4.55
2023-10-28,13:03:55,39.45231,-76.02308,4.05
2023-10-28,13:03:56,39.45231,-76.02307,4.07
2023-10-28,13:03:57,39.45231,-76.02304,4.55
2023-10-28,13:03:58,39.45232,-76.02302,4.56
2023-10-28,13:03:59,39.45232,-76.023,4.56
2023-10-28,13:04:00,39.45232,-76.02298,4.5
2023-10-28,13:04:07,39.45234,-76.02279,4.55
2023-10-28,13:04:10,39.45234,-76.02272,4.61
2023-10-28,13:04:12,39.45235,-76.02269,4.65
2023-10-28,13:04:13,39.45235,-76.02265,4.56
2023-10-28,13:04:15,39.45235,-76.02263,4.55
2023-10-28,13:04:18,39.45236,-76.02253,4.64
2023-10-28,13:04:20,39.45236,-76.02252,4.7
2023-10-28,13:04:22,39.45236,-76.02247,4.7
2023-10-28,13:04:25,39.45237,-76.02238,4.76
2023-10-28,13:04:27,39.45237,-76.02236,4.76
2023-10-28,13:04:28,39.45237,-76.02234,4.73
2023-10-28,13:04:30,39.45238,-76.02232,4.79
2023-10-28,13:04:31,39.45238,-76.02227,4.78
2023-10-28,13:04:34,39.45238,-76.0222,4.85
2023-10-28,13:04:36,39.45239,-76.02219,4.85
2023-10-28,13:04:37,39.45239,-76.02216,4.31
2023-10-28,13:04:44,39.4524,-76.02199,4.9
2023-10-28,13:04:46,39.45241,-76.02196,4.94
2023-10-28,13:04:47,39.45241,-76.02194,4.93
2023-10-28,13:04:48,39.45241,-76.02192,4.95
2023-10-28,13:04:49,39.45241,-76.02189,4.95
2023-10-28,13:04:50,39.45241,-76.02188,4.94
2023-10-28,13:04:51,39.45242,-76.02186,4.96
2023-10-28,13:04:52,39.45242,-76.02183,4.98
2023-10-28,13:04:54,39.45242,-76.02179,5.03
2023-10-28,13:04:55,39.45242,-76.02177,5.01
2023-10-28,13:04:58,39.45243,-76.0217,5.04
2023-10-28,13:05:00,39.45244,-76.02165,5.06
2023-10-28,13:05:01,39.45244,-76.02163,5.06
2023-10-28,13:05:07,39.45245,-76.0215,4.9
2023-10-28,13:05:08,39.45245,-76.02148,5.19
2023-10-28,13:05:09,39.45245,-76.02145,5.19
2023-10-28,13:05:15,39.45246,-76.02132,5.26
2023-10-28,13:05:16,39.45246,-76.0213,5.23
2023-10-28,13:05:18,39.45246,-76.02125,5.33
2023-10-28,13:05:19,39.45247,-76.02124,5.35
2023-10-28,13:05:22,39.45247,-76.02116,5.25
2023-10-28,13:05:24,39.45248,-76.02112,5.39
2023-10-28,13:05:25,39.45248,-76.02111,5.47
2023-10-28,13:05:26,39.45248,-76.02108,5.47
2023-10-28,13:05:30,39.45249,-76.02099,5.43
2023-10-28,13:05:31,39.45249,-76.02097,5.54
2023-10-28,13:05:44,39.45251,-76.02068,5.74
2023-10-28,13:05:45,39.45252,-76.02066,5.57
2023-10-28,13:05:46,39.45252,-76.02064,5.78
2023-10-28,13:05:49,39.45252,-76.02057,5.81
2023-10-28,13:05:51,39.45252,-76.02054,5.79
2023-10-28,13:05:52,39.45252,-76.02052,5.85
2023-10-28,13:05:53,39.45252,-76.0205,5.86
2023-10-28,13:05:54,39.45253,-76.02048,5.86
2023-10-28,13:06:01,39.45254,-76.0203,6
2023-10-28,13:06:03,39.45255,-76.02028,6.07
2023-10-28,13:06:07,39.45256,-76.02019,6.06
2023-10-28,13:06:11,39.45257,-76.02008,6.18
2023-10-28,13:06:13,39.45257,-76.02006,6.22
2023-10-28,13:06:14,39.45257,-76.02003,6.19
2023-10-28,13:06:15,39.45257,-76.02001,6.26
2023-10-28,13:06:16,39.45258,-76.01999,6.28
2023-10-28,13:06:18,39.45258,-76.01992,6.08
2023-10-28,13:06:20,39.45259,-76.0199,6.38
2023-10-28,13:06:21,39.45259,-76.01988,6.22
2023-10-28,13:06:22,39.45259,-76.01986,6.18
2023-10-28,13:06:23,39.45259,-76.01983,6.45
2023-10-28,13:06:24,39.4526,-76.01979,6.45
2023-10-28,13:06:26,39.4526,-76.01977,6.51
2023-10-28,13:06:27,39.4526,-76.01974,6.47
2023-10-28,13:06:28,39.4526,-76.01972,6.54
2023-10-28,13:06:32,39.45261,-76.01961,6.65
2023-10-28,13:06:34,39.45261,-76.01958,6.69
2023-10-28,13:06:41,39.45263,-76.0194,6.85
2023-10-28,13:06:48,39.45263,-76.01926,6.3
2023-10-28,13:06:51,39.45263,-76.01922,7.02
2023-10-28,13:06:55,39.45262,-76.01914,6.85
2023-10-28,13:06:56,39.45262,-76.01911,7.18
2023-10-28,13:06:57,39.45262,-76.01909,7.02
2023-10-28,13:07:00,39.45261,-76.01903,7.27
2023-10-28,13:07:01,39.4526,-76.01901,7.24
2023-10-28,13:07:02,39.4526,-76.01899,7.32
2023-10-28,13:07:03,39.4526,-76.01897,7.35
2023-10-28,13:07:05,39.45258,-76.01893,7.35
2023-10-28,13:07:06,39.45257,-76.01891,7.4
2023-10-28,13:07:08,39.45256,-76.01889,7.47
2023-10-28,13:07:10,39.45254,-76.01884,7.49
2023-10-28,13:07:11,39.45253,-76.01882,7.54
2023-10-28,13:07:12,39.45252,-76.01882,7.55
2023-10-28,13:07:13,39.45251,-76.0188,7.55
2023-10-28,13:07:22,39.45241,-76.01871,7.66
2023-10-28,13:07:26,39.45237,-76.0187,7.7
2023-10-28,13:07:32,39.45228,-76.0187,7.71
2023-10-28,13:07:35,39.45224,-76.01871,7.62
2023-10-28,13:07:37,39.45223,-76.01872,7.4
2023-10-28,13:07:38,39.45222,-76.01872,7.71
2023-10-28,13:07:39,39.45221,-76.01873,7.73
2023-10-28,13:07:43,39.45216,-76.01876,7.71
2023-10-28,13:07:44,39.45214,-76.01878,7.69
2023-10-28,13:07:46,39.45213,-76.01878,6.89
2023-10-28,13:07:47,39.45212,-76.01879,7.5
2023-10-28,13:07:48,39.45211,-76.0188,7.69
2023-10-28,13:07:49,39.4521,-76.01881,7.49
2023-10-28,13:07:50,39.45209,-76.01882,7.66
2023-10-28,13:07:51,39.45208,-76.01883,7.65
2023-10-28,13:07:53,39.45206,-76.01885,7.61
2023-10-28,13:07:54,39.45205,-76.01886,7.64
2023-10-28,13:08:01,39.45198,-76.01894,7.3
2023-10-28,13:08:02,39.45197,-76.01895,7.61
2023-10-28,13:08:03,39.45196,-76.01896,7.61
2023-10-28,13:08:04,39.45195,-76.01897,7.58
2023-10-28,13:08:05,39.45194,-76.01898,7.61
2023-10-28,13:08:06,39.45193,-76.01899,7.64
2023-10-28,13:08:07,39.45192,-76.019,7.62
2023-10-28,13:08:08,39.45191,-76.01901,7.62
2023-10-28,13:08:09,39.4519,-76.01902,7.64
2023-10-28,13:08:10,39.45189,-76.01903,7.58
2023-10-28,13:08:11,39.45188,-76.01903,7.61
2023-10-28,13:08:12,39.45186,-76.01906,7.61
2023-10-28,13:08:17,39.4518,-76.0191,7.58
2023-10-28,13:08:19,39.45179,-76.01911,7.58
2023-10-28,13:08:20,39.45178,-76.01912,7.57
2023-10-28,13:08:21,39.45176,-76.01914,7.57
2023-10-28,13:08:23,39.45174,-76.01915,7.47
2023-10-28,13:08:28,39.45169,-76.0192,7.53
2023-10-28,13:08:29,39.45168,-76.01922,7.53
2023-10-28,13:08:30,39.45167,-76.01923,7.18
2023-10-28,13:08:31,39.45166,-76.01924,7.51
2023-10-28,13:08:32,39.45164,-76.01927,7.4
2023-10-28,13:08:34,39.45164,-76.01929,7.48
2023-10-28,13:08:35,39.45163,-76.0193,7.47
2023-10-28,13:08:42,39.45158,-76.01942,7.24
2023-10-28,13:08:44,39.45158,-76.01943,7.32
2023-10-28,13:08:45,39.45157,-76.01945,7.33
2023-10-28,13:08:48,39.45156,-76.01951,7.14
2023-10-28,13:08:53,39.45155,-76.01959,7.2
2023-10-28,13:08:54,39.45155,-76.01961,7.12
2023-10-28,13:08:55,39.45155,-76.01962,7.16
2023-10-28,13:08:56,39.45155,-76.01965,7.13
2023-10-28,13:08:57,39.45154,-76.01966,7.11
2023-10-28,13:08:58,39.45154,-76.01967,7.07
2023-10-28,13:09:00,39.45154,-76.01971,7.04
2023-10-28,13:09:01,39.45154,-76.01973,7
2023-10-28,13:09:02,39.45154,-76.01975,6.65
2023-10-28,13:09:07,39.45153,-76.01982,6.93
2023-10-28,13:09:17,39.45152,-76.02001,6.73
2023-10-28,13:09:18,39.45152,-76.02002,6.73
2023-10-28,13:09:19,39.45152,-76.02003,6.71
2023-10-28,13:09:21,39.45151,-76.02007,6.69
2023-10-28,13:09:22,39.45151,-76.02009,6.65
2023-10-28,13:09:23,39.45151,-76.0201,6.64
2023-10-28,13:09:25,39.45151,-76.02014,6.61
2023-10-28,13:09:26,39.4515,-76.02016,6.57
2023-10-28,13:09:30,39.4515,-76.02023,6.52
2023-10-28,13:09:31,39.4515,-76.02025,6.5
2023-10-28,13:09:32,39.45149,-76.02026,6.5
2023-10-28,13:09:33,39.45149,-76.02029,6.49
2023-10-28,13:09:36,39.45148,-76.02034,6.38
2023-10-28,13:09:38,39.45148,-76.02038,6.35
2023-10-28,13:09:39,39.45148,-76.02039,6.38
2023-10-28,13:09:41,39.45147,-76.02043,6.35
2023-10-28,13:09:43,39.45147,-76.02045,6.32
2023-10-28,13:09:44,39.45147,-76.02047,6.31
2023-10-28,13:09:45,39.45147,-76.02049,6.28
2023-10-28,13:09:46,39.45146,-76.02051,6.28
2023-10-28,13:09:47,39.45146,-76.02052,6.25
2023-10-28,13:09:48,39.45146,-76.02054,6.2
2023-10-28,13:09:50,39.45145,-76.02058,6.22
2023-10-28,13:09:52,39.45144,-76.02064,6.18
2023-10-28,13:09:55,39.45143,-76.02069,6.15
2023-10-28,13:09:57,39.45143,-76.02072,6.12
